Date,Open,High,Low,Close,Volume
27/03/2018,173.68,175.15,166.92,168.34,38962839
26/03/2018,168.07,173.1,166.44,172.77,36272617
23/03/2018,168.39,169.92,164.94,164.94,40248954
22/03/2018,170.0,172.68,168.6,168.845,41051076
21/03/2018,175.04,175.09,171.26,171.27,35247358
20/03/2018,175.24,176.8,174.94,175.24,19314039
19/03/2018,177.32,177.47,173.66,175.3,32804695
16/03/2018,178.65,179.12,177.62,178.02,36836456
15/03/2018,178.5,180.24,178.0701,178.65,22584565
14/03/2018,180.32,180.52,177.81,178.44,29075469
13/03/2018,182.59,183.5,179.24,179.97,31168404
12/03/2018,180.29,182.39,180.21,181.72,32055405
09/03/2018,177.96,180.0,177.39,179.98,31385134
08/03/2018,175.48,177.12,175.07,176.94,23163767
07/03/2018,174.94,175.85,174.27,175.03,31703462
06/03/2018,177.91,178.25,176.13,176.67,23788506
05/03/2018,175.21,177.74,174.52,176.82,28401366
02/03/2018,172.8,176.3,172.45,176.21,38453950
01/03/2018,178.54,179.775,172.66,175.0,48801970
28/02/2018,179.26,180.615,178.05,178.12,33604574
27/02/2018,179.1,180.48,178.16,178.39,38685165
26/02/2018,176.35,179.39,176.21,178.97,36886432
23/02/2018,173.67,175.65,173.54,175.555,33329232
22/02/2018,171.8,173.95,171.71,172.6,30504116
21/02/2018,172.83,174.12,171.01,171.07,35833514
20/02/2018,172.05,174.26,171.42,171.85,33531012
16/02/2018,172.36,174.82,171.77,172.43,39638793
15/02/2018,169.79,173.09,169.0,172.99,50609595
14/02/2018,163.045,167.54,162.88,167.37,39669178
13/02/2018,161.95,164.75,161.65,164.34,32104756
12/02/2018,158.5,163.89,157.51,162.71,60560145
09/02/2018,157.07,157.89,150.24,155.97,66723743
08/02/2018,160.29,161.0,155.03,155.32,49594129
07/02/2018,163.085,163.4,159.0685,159.54,50852130
06/02/2018,154.83,163.72,154.0,163.03,66625484
05/02/2018,159.1,163.88,156.0,157.49,66090446
02/02/2018,166.0,166.8,160.1,160.37,85436075
01/02/2018,167.165,168.62,166.76,167.78,38099665
31/01/2018,166.87,168.4417,166.5,167.43,30984099
30/01/2018,165.525,167.37,164.7,166.97,45137026
29/01/2018,170.16,170.16,167.07,167.96,48434424
26/01/2018,172.0,172.0,170.06,171.51,37121805
25/01/2018,174.505,174.95,170.53,171.11,39661804
24/01/2018,177.25,177.3,173.2,174.22,50562257
23/01/2018,177.3,179.44,176.82,177.04,31702531
22/01/2018,177.3,177.78,176.6016,177.0,26023683
19/01/2018,178.61,179.58,177.41,178.46,30827809
18/01/2018,179.37,180.1,178.25,179.26,30234512
17/01/2018,176.15,179.25,175.07,179.1,32752734
16/01/2018,177.9,179.39,176.14,176.19,29159005
12/01/2018,176.18,177.36,175.65,177.09,25039531
11/01/2018,174.59,175.4886,174.49,175.28,17523256
10/01/2018,173.16,174.3,173.0,174.29,23589129
09/01/2018,174.55,175.06,173.41,174.33,21262614
08/01/2018,174.35,175.61,173.93,174.35,20134092
05/01/2018,173.44,175.37,173.05,175.0,23016177
04/01/2018,172.54,173.47,172.08,173.03,22211345
03/01/2018,172.53,174.55,171.96,172.23,28819653
02/01/2018,170.16,172.3,169.26,172.26,25048048
29/12/2017,170.52,170.59,169.22,169.23,25643711
28/12/2017,171.0,171.85,170.48,171.08,15997739
27/12/2017,170.1,170.78,169.71,170.6,21672062
26/12/2017,170.8,171.47,169.679,170.57,32968167
22/12/2017,174.68,175.424,174.5,175.01,16052615
21/12/2017,174.17,176.02,174.1,175.01,20356826
20/12/2017,174.87,175.42,173.25,174.35,23000392
19/12/2017,175.03,175.39,174.09,174.54,27078872
18/12/2017,174.88,177.2,174.86,176.42,28831533
15/12/2017,173.63,174.17,172.46,173.87,37054632
14/12/2017,172.4,173.13,171.65,172.22,20219307
13/12/2017,172.5,173.54,172.0,172.27,23142242
12/12/2017,172.15,172.39,171.46099999999998,171.7,18945457
11/12/2017,169.2,172.89,168.79,172.67,33092051
08/12/2017,170.49,171.0,168.82,169.37,23096872
07/12/2017,169.03,170.44,168.91,169.452,24469613
06/12/2017,167.5,170.2047,166.46,169.01,28224357
05/12/2017,169.06,171.52,168.4,169.64,27008428
04/12/2017,172.48,172.62,169.63,169.8,32115052
01/12/2017,169.95,171.67,168.5,171.05,39590080
30/11/2017,170.43,172.14,168.44,171.85,40172368
29/11/2017,172.63,172.92,167.16,169.48,40788324
28/11/2017,174.3,174.87,171.86,173.07,25468442
27/11/2017,175.05,175.08,173.34,174.09,20536313
24/11/2017,175.1,175.5,174.6459,174.97,14026519
22/11/2017,173.36,175.0,173.05,174.96,24997274
21/11/2017,170.78,173.7,170.78,173.14,24875471
20/11/2017,170.29,170.56,169.56,169.98,15974387
17/11/2017,171.04,171.39,169.64,170.15,21665811
16/11/2017,171.18,171.87,170.3,171.1,23497326
15/11/2017,169.97,170.3197,168.38,169.08,28702351
14/11/2017,173.04,173.48,171.18,171.34,23588451
13/11/2017,173.5,174.5,173.4,173.97,16828025
10/11/2017,175.11,175.38,174.27,174.67,25061183
09/11/2017,175.11,176.095,173.14,175.88,28636531
07/11/2017,173.91,175.25,173.6,174.81,23910914
06/11/2017,172.365,174.99,171.72,174.25,34242566
03/11/2017,174.0,174.26,171.12,172.5,58683826
02/11/2017,167.64,168.5,165.28,168.11,32710040
01/11/2017,169.87,169.94,165.61,166.89,33100847
31/10/2017,167.9,169.6499,166.94,169.04,35474672
30/10/2017,163.89,168.07,163.72,166.72,43923292
27/10/2017,159.29,163.6,158.7,163.05,43904150
26/10/2017,157.23,157.8295,156.78,157.41,16751691
25/10/2017,156.91,157.55,155.27,156.405,20126554
24/10/2017,156.29,157.42,156.2,157.1,17137731
23/10/2017,156.89,157.69,155.5,156.17,21654461
20/10/2017,156.61,157.75,155.96,156.16,23612246
19/10/2017,156.75,157.08,155.02,155.98,42111326
18/10/2017,160.42,160.71,159.6,159.76,16158659
17/10/2017,159.78,160.87,159.23,160.47,18816438
16/10/2017,157.9,160.0,157.65,159.88,23894630
13/10/2017,156.73,157.28,156.41,156.99,16287608
12/10/2017,156.35,157.37,155.7299,156.0,16045720
11/10/2017,155.97,156.98,155.75,156.55,16607693
10/10/2017,156.055,158.0,155.1,155.9,15456331
09/10/2017,155.81,156.73,155.485,155.84,16200129
06/10/2017,154.97,155.49,154.56,155.3,16423749
05/10/2017,154.18,155.44,154.05,155.39,21032800
04/10/2017,153.63,153.86,152.46,153.4508,19844177
03/10/2017,154.01,155.09,153.91,154.48,16146388
02/10/2017,154.26,154.45,152.72,153.81,18524860
29/09/2017,153.21,154.13,152.0,154.12,25856530
28/09/2017,153.89,154.28,152.7,153.28,21896592
27/09/2017,153.8,154.7189,153.54,154.23,24959552
26/09/2017,151.78,153.92,151.69,153.14,35470985
25/09/2017,149.99,151.83,149.16,150.55,43922334
22/09/2017,152.02,152.27,150.56,151.89,46114424
21/09/2017,155.8,155.8,152.75,153.39,36643382
20/09/2017,157.9,158.26,153.83,156.07,51693239
19/09/2017,159.51,159.77,158.44,158.73,20347352
18/09/2017,160.11,160.5,157.995,158.67,27939718
15/09/2017,158.47,160.97,158.0,159.88,48203642
14/09/2017,158.99,159.4,158.09,158.28,23073646
13/09/2017,159.87,159.96,157.91,159.65,44393752
12/09/2017,162.61,163.96,158.77,160.82,71139119
11/09/2017,160.5,162.05,159.89,161.5,31028926
08/09/2017,160.86,161.15,158.53,158.63,28183159
07/09/2017,162.09,162.24,160.36,161.26,21722995
06/09/2017,162.71,162.99,160.52,161.91,21179047
05/09/2017,163.75,164.25,160.56,162.08,29317054
01/09/2017,164.8,164.94,163.63,164.05,16508568
31/08/2017,163.64,164.52,163.48,164.0,26412439
30/08/2017,163.8,163.89,162.61,163.35,26973946
29/08/2017,160.1,163.12,160.0,162.91,29307862
28/08/2017,160.14,162.0,159.93,161.47,25279674
25/08/2017,159.65,160.56,159.27,159.86,25015218
24/08/2017,160.43,160.74,158.55,159.27,19029621
23/08/2017,159.07,160.47,158.88,159.98,19198189
22/08/2017,158.23,160.0,158.02,159.78,21297812
21/08/2017,157.5,157.89,155.1101,157.21,26145653
18/08/2017,157.86,159.5,156.72,157.5,27012525
17/08/2017,160.52,160.71,157.84,157.87,26925694
16/08/2017,161.94,162.51,160.15,160.95,27321761
15/08/2017,160.66,162.195,160.14,161.6,27936774
14/08/2017,159.32,160.21,158.75,159.85,21754810
11/08/2017,156.6,158.5728,156.07,157.48,25943187
10/08/2017,159.9,160.0,154.63,155.27,39081017
09/08/2017,159.26,161.27,159.11,161.06,25640394
08/08/2017,158.6,161.83,158.27,160.08,35775675
04/08/2017,156.07,157.4,155.69,156.39,20349532
03/08/2017,157.05,157.21,155.02,155.57,26000738
02/08/2017,159.28,159.75,156.16,157.14,69222793
01/08/2017,149.1,150.22,148.41,150.05,24725526
31/07/2017,149.9,150.33,148.13,148.85,19422655
28/07/2017,149.89,150.23,149.19,149.5,16832947
27/07/2017,153.75,153.99,147.3,150.56,32175875
26/07/2017,153.35,153.93,153.06,153.46,15172136
25/07/2017,151.8,153.84,151.8,152.74,18612649
24/07/2017,150.58,152.44,149.9,152.09,21122730
21/07/2017,149.99,150.44,148.88,150.27,24671002
20/07/2017,151.5,151.74,150.19,150.34,17053326
19/07/2017,150.48,151.42,149.95,151.02,20615419
18/07/2017,149.2,150.13,148.67,150.08,17713795
17/07/2017,148.82,150.9,148.57,149.56,23243713
14/07/2017,147.97,149.33,147.33,149.04,19961788
13/07/2017,145.5,148.49,145.44,147.77,24922788
12/07/2017,145.87,146.18,144.82,145.74,23617964
11/07/2017,144.73,145.85,144.38,145.53,18311156
10/07/2017,144.11,145.95,143.37,145.06,21030466
07/07/2017,142.9,144.75,142.9,144.18,18505351
06/07/2017,143.02,143.5,142.41,142.73,23374374
05/07/2017,143.69,144.79,142.7237,144.09,20758795
03/07/2017,144.88,145.3001,143.1,143.5,14276812
30/06/2017,144.45,144.96,143.78,144.02,22328979
29/06/2017,144.71,145.13,142.28,143.68,31116980
28/06/2017,144.49,146.11,143.1601,145.83,21915939
27/06/2017,145.01,146.16,143.62,143.74,24423643
26/06/2017,147.17,148.28,145.38,145.82,25524661
23/06/2017,145.13,147.16,145.11,146.35,25997976
22/06/2017,145.77,146.7,145.1199,145.63,18673365
21/06/2017,145.52,146.0693,144.61,145.87,21064679
20/06/2017,146.87,146.87,144.94,145.01,24572170
19/06/2017,143.66,146.74,143.66,146.34,31449132
16/06/2017,143.78,144.5,142.2,142.27,49180748
15/06/2017,143.32,144.4798,142.21,144.29,31348832
14/06/2017,147.5,147.5,143.84,145.16,31224203
13/06/2017,147.16,147.45,145.15,146.59,33749154
12/06/2017,145.74,146.09,142.51,145.32,71563614
09/06/2017,155.19,155.19,146.02,148.98,64176149
08/06/2017,155.25,155.54,154.4,154.99,20771367
07/06/2017,155.02,155.98,154.48,155.37,20678772
06/06/2017,153.9,155.81,153.78,154.45,26249630
05/06/2017,154.34,154.45,153.46,153.93,24803858
02/06/2017,153.58,155.45,152.89,155.45,27285861
01/06/2017,153.17,153.33,152.22,153.18,16180143
31/05/2017,153.97,154.17,152.38,152.76,23162873
30/05/2017,153.42,154.43,153.33,153.67,20034934
26/05/2017,154.0,154.24,153.31,153.61,21632202
25/05/2017,153.73,154.35,153.03,153.87,19044463
24/05/2017,153.84,154.17,152.67,153.34,19118319
23/05/2017,154.9,154.9,153.31,153.8,19430358
22/05/2017,154.0,154.58,152.91,153.99,22340069
19/05/2017,153.38,153.98,152.63,152.96,26733798
18/05/2017,151.27,153.34,151.13,152.54,33159664
17/05/2017,153.6,154.57,149.71,150.25,49482818
16/05/2017,155.94,156.06,154.72,155.47,19904679
15/05/2017,156.01,156.65,155.05,155.7,25700983
12/05/2017,154.7,156.42,154.67,156.1,32221756
11/05/2017,152.45,154.07,152.31,153.95,25596687
10/05/2017,153.63,153.94,152.11,153.26,25670456
09/05/2017,153.87,154.88,153.45,153.96,35942435
08/05/2017,149.03,153.7,149.03,153.0,48339210
05/05/2017,146.76,148.98,146.76,148.96,26787359
04/05/2017,146.52,147.14,145.81,146.53,23275690
03/05/2017,145.59,147.49,144.27,147.06,45142806
02/05/2017,147.54,148.09,146.84,147.51,39752670
01/05/2017,145.1,147.2,144.96,146.6,32818760
28/04/2017,144.09,144.3,143.27,143.65,20247187
27/04/2017,143.9225,144.16,143.31,143.79,13948980
26/04/2017,144.47,144.6,143.3762,143.6508,19614287
25/04/2017,143.91,144.9,143.87,144.54,18216472
24/04/2017,143.5,143.95,143.18,143.64,17116599
21/04/2017,142.44,142.68,141.85,142.27,17320928
20/04/2017,141.22,142.92,141.16,142.44,23319562
19/04/2017,141.88,142.0,140.45,140.68,17328375
18/04/2017,141.41,142.04,141.11,141.2,14697544
17/04/2017,141.48,141.88,140.87,141.83,16582094
13/04/2017,141.91,142.38,141.05,141.05,17822880
12/04/2017,141.6,142.15,141.01,141.8,20350000
11/04/2017,142.94,143.35,140.06,141.63,30379376
10/04/2017,143.6,143.8792,142.9,143.17,18933397
07/04/2017,143.73,144.18,143.27,143.34,16658543
06/04/2017,144.29,144.52,143.45,143.66,21149034
05/04/2017,144.22,145.46,143.81,144.02,27717854
04/04/2017,143.25,144.89,143.17,144.77,19891354
03/04/2017,143.71,144.12,143.05,143.7,19985714
31/03/2017,143.72,144.27,143.01,143.66,19661651
30/03/2017,144.19,144.5,143.5,143.93,21207252
29/03/2017,143.68,144.49,143.19,144.12,29189955
28/03/2017,140.91,144.04,140.62,143.8,33374805
27/03/2017,139.39,141.22,138.62,140.88,23575094
24/03/2017,141.5,141.74,140.35,140.64,22395563
23/03/2017,141.26,141.5844,140.61,140.92,20346301
22/03/2017,139.845,141.6,139.76,141.42,25860165
21/03/2017,142.11,142.8,139.73,139.84,39529912
20/03/2017,140.4,141.5,140.23,141.46,21542038
17/03/2017,141.0,141.0,139.89,139.99,43884952
16/03/2017,140.72,141.02,140.26,140.69,19231998
15/03/2017,139.41,140.7501,139.025,140.46,25691774
14/03/2017,139.3,139.65,138.84,138.99,15309065
13/03/2017,138.85,139.43,138.82,139.2,17421717
10/03/2017,139.25,139.3571,138.64,139.14,19612801
09/03/2017,138.74,138.79,137.05,138.68,22155904
08/03/2017,138.95,139.8,138.82,139.0,18707236
07/03/2017,139.06,139.98,138.79,139.52,17446297
06/03/2017,139.365,139.77,138.5959,139.34,21750044
03/03/2017,138.78,139.83,138.59,139.78,21571121
02/03/2017,140.0,140.2786,138.76,138.96,26210984
01/03/2017,137.89,140.15,137.595,139.79,36414585
28/02/2017,137.08,137.435,136.7,136.99,23482860
27/02/2017,137.14,137.435,136.28,136.93,20257426
24/02/2017,135.91,136.66,135.28,136.66,21776585
23/02/2017,137.38,137.48,136.3,136.53,20788186
22/02/2017,136.43,137.12,136.11,137.11,20836932
21/02/2017,136.23,136.75,135.98,136.7,24507156
17/02/2017,135.1,135.83,135.1,135.72,22198197
16/02/2017,135.67,135.9,134.8398,135.345,22584555
15/02/2017,135.52,136.27,134.62,135.51,35623100
14/02/2017,133.47,135.09,133.25,135.02,33226223
13/02/2017,133.08,133.82,132.75,133.29,23035421
10/02/2017,132.46,132.94,132.05,132.12,20065458
09/02/2017,131.65,132.445,131.12,132.42,28349859
08/02/2017,131.35,132.22,131.22,132.04,23004072
07/02/2017,130.54,132.09,130.45,131.53,38183841
06/02/2017,129.13,130.5,128.9,130.29,26845924
03/02/2017,128.31,129.19,128.16,129.08,24507301
02/02/2017,127.975,129.39,127.78,128.53,33710411
01/02/2017,127.03,130.49,127.01,128.75,111985040
31/01/2017,121.15,121.39,120.62,121.35,49200993
30/01/2017,120.93,121.63,120.66,121.63,30377503
27/01/2017,122.14,122.35,121.6,121.95,20562944
26/01/2017,121.67,122.44,121.6,121.94,26337576
25/01/2017,120.42,122.1,120.28,121.88,32586673
24/01/2017,119.55,120.1,119.5,119.97,23211038
23/01/2017,120.0,120.81,119.77,120.08,22050218
20/01/2017,120.45,120.45,119.7346,120.0,32597892
19/01/2017,119.4,120.09,119.37,119.78,25597291
18/01/2017,120.0,120.5,119.71,119.99,23712961
17/01/2017,118.34,120.24,118.22,120.0,34439843
13/01/2017,119.11,119.62,118.81,119.04,26111948
12/01/2017,118.895,119.3,118.21,119.25,27086220
11/01/2017,118.74,119.93,118.6,119.75,27588593
10/01/2017,118.77,119.38,118.3,119.11,24462051
09/01/2017,117.95,119.43,117.94,118.99,33561948
06/01/2017,116.78,118.16,116.47,117.91,31751900
05/01/2017,115.92,116.8642,115.81,116.61,22193587
04/01/2017,115.85,116.51,115.75,116.02,21118116
03/01/2017,115.8,116.33,114.76,116.15,28781865
30/12/2016,116.65,117.2,115.43,115.82,30586265
29/12/2016,116.45,117.1095,116.4,116.73,15039519
28/12/2016,117.52,118.0166,116.2,116.76,20905892
27/12/2016,116.52,117.8,116.49,117.26,18296855
23/12/2016,115.59,116.52,115.59,116.52,14249484
22/12/2016,116.35,116.51,115.64,116.29,26085854
21/12/2016,116.8,117.4,116.78,117.06,23783165
20/12/2016,116.74,117.5,116.68,116.95,21424965
19/12/2016,115.8,117.38,115.75,116.64,27779423
16/12/2016,116.47,116.5,115.645,115.97,44351134
15/12/2016,115.38,116.73,115.23,115.82,46524544
14/12/2016,115.04,116.2,114.98,115.19,34031834
13/12/2016,113.84,115.92,113.75,115.19,43733811
12/12/2016,113.29,115.0,112.49,113.3,26374377
09/12/2016,112.31,114.7,112.31,113.95,34402627
08/12/2016,110.86,112.43,110.6,112.12,27068316
07/12/2016,109.26,111.19,109.16,111.03,29998719
06/12/2016,109.5,110.36,109.19,109.95,26195462
05/12/2016,110.0,110.03,108.25,109.11,34324540
02/12/2016,109.17,110.09,108.85,109.9,26527997
01/12/2016,110.365,110.94,109.03,109.49,37086862
30/11/2016,111.56,112.2,110.27,110.52,36162258
29/11/2016,110.78,112.03,110.07,111.46,28528750
28/11/2016,111.43,112.465,111.39,111.57,27193983
25/11/2016,111.13,111.87,110.95,111.79,11475922
23/11/2016,111.36,111.51,110.33,111.23,27426394
22/11/2016,111.95,112.42,111.4,111.8,25965534
21/11/2016,110.12,111.99,110.01,111.73,29264571
18/11/2016,109.72,110.54,109.66,110.06,28428917
17/11/2016,109.81,110.35,108.83,109.95,27632003
16/11/2016,106.7,110.23,106.6,109.99,58840522
15/11/2016,106.57,107.68,106.1593,107.11,32264510
14/11/2016,107.32,107.809,104.08,105.71,51175504
11/11/2016,106.92,108.87,106.55,108.43,34143898
10/11/2016,111.09,111.09,105.83,107.79,57134541
09/11/2016,109.88,111.32,108.05,110.88,59176361
08/11/2016,110.31,111.72,109.7,111.06,24254179
07/11/2016,110.08,110.51,109.46,110.41,32560000
04/11/2016,108.53,110.25,108.11,108.84,30836997
03/11/2016,110.98,111.46,109.55,109.83,26932602
02/11/2016,111.4,112.35,111.23,111.59,28331709
01/11/2016,113.46,113.77,110.53,111.49,43825812
31/10/2016,113.65,114.23,113.2,113.54,26419398
28/10/2016,113.87,115.21,113.45,113.72,37861662
27/10/2016,115.39,115.86,114.1,114.48,34562045
26/10/2016,114.31,115.7,113.31,115.59,66134219
25/10/2016,117.95,118.36,117.31,118.25,48128970
24/10/2016,117.1,117.74,117.0,117.65,23538673
21/10/2016,116.81,116.91,116.28,116.6,23192665
20/10/2016,116.86,117.38,116.33,117.06,24125801
19/10/2016,117.25,117.76,113.8,117.12,20034594
18/10/2016,118.18,118.21,117.45,117.47,24553478
17/10/2016,117.33,117.84,116.78,117.55,23624896
14/10/2016,117.88,118.17,117.13,117.63,35652191
13/10/2016,116.79,117.44,115.72,116.98,35192406
12/10/2016,117.35,117.98,116.75,117.34,37586787
11/10/2016,117.7,118.69,116.2,116.3,64041043
10/10/2016,115.02,116.75,114.72,116.05,36235956
07/10/2016,114.31,114.56,113.51,114.06,24358443
06/10/2016,113.7,114.34,113.13,113.89,28779313
05/10/2016,113.4,113.66,112.69,113.05,21453089
04/10/2016,113.06,114.31,112.63,113.0,29736835
03/10/2016,112.71,113.05,112.28,112.52,21701760
30/09/2016,112.46,113.37,111.8,113.05,36379106
29/09/2016,113.16,113.8,111.8,112.18,35886990
28/09/2016,113.69,114.64,113.43,113.95,29641085
27/09/2016,113.0,113.18,112.34,113.09,24607412
26/09/2016,111.64,113.39,111.55,112.88,29869442
23/09/2016,114.42,114.79,111.55,112.71,52481151
22/09/2016,114.35,114.94,114.0,114.62,31073984
21/09/2016,113.85,113.98899999999999,112.441,113.55,36003185
20/09/2016,113.05,114.12,112.51,113.57,34514269
19/09/2016,115.19,116.18,113.25,113.58,47023046
16/09/2016,115.12,116.13,114.04,114.92,79886911
15/09/2016,113.86,115.73,113.49,115.57,90613177
14/09/2016,108.73,113.03,108.6,111.77,112340318
13/09/2016,107.51,108.79,107.24,107.95,62176190
12/09/2016,102.65,105.72,102.53,105.44,45292770
09/09/2016,104.64,105.72,103.13,103.13,46556984
08/09/2016,107.25,107.27,105.24,105.52,53002026
07/09/2016,107.83,108.76,107.07,108.36,42364328
06/09/2016,107.9,108.3,107.51,107.7,26880391
02/09/2016,107.7,108.0,106.82,107.73,26802450
01/09/2016,106.14,106.8,105.62,106.73,26701523
31/08/2016,105.66,106.5699,105.64,106.1,29662406
30/08/2016,105.8,106.5,105.5,106.0,24863945
29/08/2016,106.62,107.44,106.29,106.82,24970300
26/08/2016,107.41,107.95,106.31,106.94,27766291
25/08/2016,107.39,107.88,106.68,107.57,25086248
24/08/2016,108.565,108.75,107.68,108.03,23675081
23/08/2016,108.59,109.32,108.53,108.85,21257669
22/08/2016,108.86,109.1,107.85,108.51,25820230
19/08/2016,108.77,109.69,108.36,109.36,25368072
18/08/2016,109.23,109.6,109.02,109.08,21984703
17/08/2016,109.1,109.37,108.34,109.22,25355976
16/08/2016,109.63,110.23,109.21,109.38,33794448
15/08/2016,108.14,109.54,108.08,109.48,25868209
12/08/2016,107.78,108.44,107.78,108.18,18660434
11/08/2016,108.52,108.93,107.85,107.93,27484506
10/08/2016,108.71,108.9,107.76,108.0,24008505
09/08/2016,108.23,108.94,108.01,108.81,26315204
08/08/2016,107.52,108.37,107.16,108.37,28037220
05/08/2016,106.27,107.65,106.18,107.48,40553402
04/08/2016,105.58,106.0,105.28,105.87,27408650
03/08/2016,104.81,105.84,104.77,105.79,30202641
02/08/2016,106.05,106.07,104.0,104.48,33816556
01/08/2016,104.41,106.15,104.41,106.05,38167871
29/07/2016,104.19,104.55,103.68,104.21,27733688
28/07/2016,102.83,104.45,102.82,104.34,39869839
27/07/2016,104.265,104.35,102.75,102.95,92344820
26/07/2016,96.82,97.97,96.42,96.67,56239822
25/07/2016,98.25,98.84,96.92,97.34,40382921
22/07/2016,99.26,99.3,98.31,98.66,28313669
21/07/2016,99.83,101.0,99.13,99.43,32702028
20/07/2016,100.0,100.46,99.735,99.96,26275968
19/07/2016,99.56,100.0,99.34,99.87,23779924
18/07/2016,98.7,100.13,98.6,99.83,36493867
15/07/2016,98.92,99.3,98.5,98.78,30136990
14/07/2016,97.39,98.99,97.32,98.79,38918997
13/07/2016,97.41,97.67,96.84,96.87,25892171
12/07/2016,97.17,97.7,97.12,97.42,24167463
11/07/2016,96.75,97.65,96.73,96.98,23794945
08/07/2016,96.49,96.89,96.05,96.68,28912103
07/07/2016,95.7,96.5,95.62,95.94,25139558
06/07/2016,94.6,95.66,94.37,95.53,30949090
05/07/2016,95.39,95.4,94.46,94.99,27705210
01/07/2016,95.49,96.465,95.33,95.89,26026540
30/06/2016,94.44,95.77,94.3,95.6,35836356
29/06/2016,93.97,94.55,93.63,94.4,36531006
28/06/2016,92.9,93.66,92.14,93.59,40444914
27/06/2016,93.0,93.05,91.5,92.04,46622188
24/06/2016,92.91,94.655,92.65,93.4,75311356
23/06/2016,95.94,96.29,95.25,96.1,32240187
22/06/2016,96.25,96.89,95.35,95.55,29219122
21/06/2016,94.94,96.35,94.676,95.91,35546358
20/06/2016,96.0,96.57,95.03,95.1,34411901
17/06/2016,96.62,96.65,95.3,95.33,61008219
16/06/2016,96.45,97.75,96.07,97.55,31326815
15/06/2016,97.82,98.41,97.03,97.14,29445227
14/06/2016,97.32,98.475,96.75,97.46,31931944
13/06/2016,98.69,99.12,97.1,97.34,38020494
10/06/2016,98.53,99.3457,98.48,98.83,31712936
09/06/2016,98.5,99.99,98.46,99.65,26601354
08/06/2016,99.02,99.56,98.68,98.94,20848131
07/06/2016,99.25,99.87,98.96,99.03,22409450
06/06/2016,97.99,101.89,97.55,98.63,23292504
03/06/2016,97.79,98.27,97.45,97.92,28504888
02/06/2016,97.6,97.84,96.63,97.72,40191600
01/06/2016,99.02,99.54,98.33,98.46,29173285
31/05/2016,99.6,100.4,98.82,99.86,42307212
27/05/2016,99.44,100.47,99.245,100.35,36341240
26/05/2016,99.68,100.73,98.64,100.41,56331159
25/05/2016,98.67,99.74,98.11,99.62,38642108
24/05/2016,97.22,98.09,96.84,97.9,35140174
23/05/2016,95.87,97.19,95.67,96.43,38018643
20/05/2016,94.64,95.43,94.52,95.22,32025968
19/05/2016,94.64,94.64,93.57,94.2,30442100
18/05/2016,94.16,95.21,93.89,94.56,42062391
17/05/2016,94.55,94.7,93.01,93.49,46916939
16/05/2016,92.39,94.39,91.65,93.88,61259756
13/05/2016,90.0,91.67,90.0,90.52,44392765
12/05/2016,92.72,92.78,89.47,90.34,76314690
11/05/2016,93.48,93.57,92.46,92.51,28719109
10/05/2016,93.33,93.57,92.11,93.42,33686836
09/05/2016,93.0,93.77,92.59,92.79,32936436
06/05/2016,93.37,93.45,91.85,92.72,43699886
05/05/2016,94.0,94.07,92.68,93.24,35890500
04/05/2016,95.2,95.9,93.82,94.19,41025475
03/05/2016,94.2,95.74,93.68,95.18,56831277
02/05/2016,93.965,94.08,92.4,93.64,48160104
29/04/2016,93.99,94.72,92.51,93.74,68531478
28/04/2016,97.61,97.88,94.25,94.83,82242690
27/04/2016,96.0,98.71,95.68,97.82,114602142
26/04/2016,103.91,105.3,103.91,104.35,56016165
25/04/2016,105.0,105.65,104.51,105.08,28031588
22/04/2016,105.01,106.48,104.62,105.68,33683121
21/04/2016,106.93,106.93,105.52,105.97,31552525
20/04/2016,106.64,108.09,106.06,107.13,30611030
19/04/2016,107.88,108.0,106.23,106.91,32384879
18/04/2016,108.89,108.95,106.94,107.48,60821461
15/04/2016,112.11,112.3,109.73,109.85,46938969
14/04/2016,111.62,112.39,111.33,112.1,25473923
13/04/2016,110.8,112.34,110.8,112.04,33257316
12/04/2016,109.34,110.5,108.66,110.44,27232325
11/04/2016,108.97,110.61,108.83,109.02,29407518
08/04/2016,108.91,109.77,108.17,108.66,23581740
07/04/2016,109.95,110.42,108.12100000000001,108.54,31801870
06/04/2016,110.23,110.98,109.2,110.96,26404077
05/04/2016,109.51,110.73,109.42,109.81,26578652
04/04/2016,110.42,112.19,110.27,111.12,37356204
01/04/2016,108.78,110.0,108.2,109.99,25873950
31/03/2016,109.72,109.9,108.88,108.99,25888449
30/03/2016,108.65,110.42,108.6,109.56,45601149
29/03/2016,104.89,107.79,104.88,107.68,31190083
28/03/2016,106.0,106.19,105.06,105.19,19411372
24/03/2016,105.47,106.25,104.89,105.67,26132955
23/03/2016,106.48,107.07,105.9,106.13,25703495
22/03/2016,105.25,107.29,105.21,106.72,32444375
21/03/2016,105.93,107.65,105.1401,105.91,35502678
18/03/2016,106.34,106.5,105.19,105.92,44205171
17/03/2016,105.52,106.47,104.96,105.8,34420705
16/03/2016,104.61,106.31,104.59,105.97,38303493
15/03/2016,103.96,105.18,103.85,104.58,40067734
14/03/2016,101.91,102.91,101.78,102.52,25076062
11/03/2016,102.24,102.28,101.5,102.26,27408237
10/03/2016,101.41,102.24,100.15,101.17,33513577
09/03/2016,101.31,101.58,100.27,101.12,27201683
08/03/2016,100.78,101.76,100.4,101.03,31182194
07/03/2016,102.39,102.83,100.96,101.87,35915810
04/03/2016,102.37,103.75,101.37,103.01,46055100
03/03/2016,100.58,101.7099,100.45,101.5,36955742
02/03/2016,100.51,100.89,99.64,100.75,33169560
01/03/2016,97.65,100.77,97.42,100.53,50407147
29/02/2016,96.86,98.23,96.65,96.69,35216277
26/02/2016,97.2,98.0237,96.58,96.91,28991131
25/02/2016,96.05,96.76,95.25,96.76,27582659
24/02/2016,93.98,96.38,93.32,96.1,36255745
23/02/2016,96.4,96.5,94.55,94.69,31942633
22/02/2016,96.31,96.9,95.92,96.88,34280758
19/02/2016,96.0,96.7599,95.8,96.04,35374173
18/02/2016,98.84,98.89,96.09100000000001,96.26,39020983
17/02/2016,96.67,98.21,96.15,98.12,44863243
16/02/2016,95.02,96.85,94.61,96.64,49057916
12/02/2016,94.19,94.5,93.01,93.99,40351381
11/02/2016,93.79,94.72,92.59,93.7,50074711
10/02/2016,95.92,96.35,94.1,94.27,42343601
09/02/2016,94.29,95.94,93.93,94.99,44331195
08/02/2016,93.13,95.7,93.04,95.01,54021375
05/02/2016,96.52,96.92,93.69,94.02,46418064
04/02/2016,95.86,97.33,95.19,96.6,46471652
03/02/2016,95.0,96.84,94.08,96.35,45964294
02/02/2016,95.42,96.04,94.28,94.48,37357215
01/02/2016,96.47,96.71,95.4,96.43,40943541
29/01/2016,94.79,97.34,94.35,97.34,64416504
28/01/2016,93.79,94.52,92.39,94.09,55678825
27/01/2016,96.04,96.6289,93.34,93.42,133369674
26/01/2016,99.93,100.88,98.07,99.99,75077002
25/01/2016,101.52,101.53,99.21,99.44,51794525
22/01/2016,98.63,101.46,98.37,101.42,65800467
21/01/2016,97.06,97.88,94.94,96.3,52161463
20/01/2016,95.1,98.1897,93.42,96.79,72334416
19/01/2016,98.41,98.65,95.5,96.66,53087747
15/01/2016,96.2,97.71,95.36,97.13,79833891
14/01/2016,97.96,100.48,95.74,99.52,63170127
13/01/2016,100.32,101.19,97.3,97.39,62439631
12/01/2016,100.55,100.69,98.8399,99.96,49154227
11/01/2016,98.97,99.06,97.34,98.53,49739377
08/01/2016,98.55,99.11,96.76,96.96,70798016
07/01/2016,98.68,100.13,96.43,96.45,81094428
06/01/2016,100.56,102.37,99.87,100.7,68457388
05/01/2016,105.75,105.85,102.41,102.71,55790992
04/01/2016,102.61,105.368,102.0,105.35,67649387
31/12/2015,107.01,107.03,104.82,105.26,40912316
30/12/2015,108.58,108.7,107.18,107.32,25213777
29/12/2015,106.96,109.43,106.86,108.74,30931243
28/12/2015,107.59,107.69,106.1807,106.82,26704210
24/12/2015,109.0,109.0,107.95,108.03,13596680
23/12/2015,107.27,108.85,107.2,108.61,32657354
22/12/2015,107.4,107.72,106.45100000000001,107.23,32789367
21/12/2015,107.28,107.37,105.57,107.33,47590610
18/12/2015,108.91,109.52,105.81,106.03,96453327
17/12/2015,112.02,112.25,108.98,108.98,44772827
16/12/2015,111.07,111.99,108.8,111.34,56238467
15/12/2015,111.94,112.8,110.35,110.49,53323105
14/12/2015,112.18,112.68,109.79,112.48,65003609
11/12/2015,115.19,115.39,112.851,113.18,46886161
10/12/2015,116.04,116.94,115.51,116.17,29212727
09/12/2015,117.64,117.69,115.08,115.62,46361357
08/12/2015,117.52,118.6,116.86,118.23,34309450
07/12/2015,118.98,119.86,117.81,118.28,32084249
04/12/2015,115.29,119.25,115.11,119.03,57776977
03/12/2015,116.55,116.79,114.22,115.2,41569509
02/12/2015,117.05,118.11,116.08,116.28,33386563
01/12/2015,118.75,118.81,116.86,117.34,34852374
30/11/2015,117.99,119.41,117.75,118.3,39180322
27/11/2015,118.29,118.41,117.6,117.81,13046445
25/11/2015,119.21,119.23,117.92,118.03,21388308
24/11/2015,117.33,119.35,117.12,118.88,42803172
23/11/2015,119.27,119.73,117.34,117.75,32482528
20/11/2015,119.2,119.92,118.85,119.3,34287096
19/11/2015,117.64,119.75,116.76,118.78,43295820
18/11/2015,115.76,117.49,115.5,117.29,46674697
17/11/2015,114.92,115.05,113.32,113.69,27583101
16/11/2015,111.38,114.24,111.0,114.175,38106701
13/11/2015,115.2,115.57,112.27,112.34,45812403
12/11/2015,116.26,116.82,115.65,115.72,32525579
11/11/2015,116.37,117.42,115.21,116.11,45217971
10/11/2015,116.9,118.07,116.061,116.77,59127931
09/11/2015,120.96,121.81,120.05,120.57,33871405
06/11/2015,121.11,121.81,120.62,121.06,33042283
05/11/2015,121.85,122.69,120.18,120.92,39552680
04/11/2015,123.13,123.82,121.62,122.0,44886050
03/11/2015,120.79,123.49,120.7,122.57,45518976
02/11/2015,119.87,121.36,119.61,121.18,32203267
30/10/2015,120.99,121.22,119.45,119.5,49365254
29/10/2015,118.7,120.69,118.27,120.53,51227334
28/10/2015,116.93,119.3,116.06,119.27,85551352
27/10/2015,115.4,116.54,113.99,114.55,69884400
26/10/2015,118.08,118.13,114.92,115.28,66333781
23/10/2015,116.7,119.228,116.33,119.08,59366914
22/10/2015,114.33,115.5,114.1,115.5,41654089
21/10/2015,114.0,115.58,113.7,113.76,42326974
20/10/2015,111.34,114.17,110.82,113.77,48967763
19/10/2015,110.8,111.75,110.11,111.73,29759153
16/10/2015,111.78,112.0,110.53,111.04,39232609
15/10/2015,110.93,112.1,110.49,111.86,37673452
14/10/2015,111.29,111.52,109.56,110.21,44462449
13/10/2015,110.82,112.45,110.68,111.79,33049256
12/10/2015,112.73,112.75,111.44,111.6,30467204
09/10/2015,110.0,112.28,109.49,112.12,52766140
08/10/2015,110.19,110.19,108.21,109.5,61979577
07/10/2015,111.74,111.77,109.41,110.78,46765550
06/10/2015,110.63,111.74,109.765,111.31,48856977
05/10/2015,109.88,111.3698,109.07,110.78,52064743
02/10/2015,108.01,111.0136,107.55,110.38,58019758
01/10/2015,109.07,109.62,107.31,109.58,63929100
30/09/2015,110.17,111.54,108.73,109.95,65041596
29/09/2015,112.83,113.51,107.86,109.06,73365384
28/09/2015,113.85,114.57,112.44,112.44,50782189
25/09/2015,116.44,116.69,114.02,114.71,56151926
24/09/2015,113.25,115.5,112.37,115.0,50219475
23/09/2015,113.63,114.72,113.3,114.32,35756716
22/09/2015,113.38,114.18,112.5201,113.4,50346159
21/09/2015,113.67,115.37,113.66,115.21,50221965
18/09/2015,112.21,114.3,111.87,113.45,74285291
17/09/2015,115.66,116.49,113.715,113.92,64112641
16/09/2015,116.25,116.54,115.44,116.41,37173489
15/09/2015,115.93,116.53,114.42,116.28,43341155
14/09/2015,116.58,116.89,114.86,115.31,58363431
11/09/2015,111.79,114.21,111.76,114.21,49915473
10/09/2015,110.27,113.2825,109.9,112.57,62892831
09/09/2015,113.76,114.02,109.77,110.15,85010804
08/09/2015,111.65,112.56,110.32,112.31,54843626
04/09/2015,108.97,110.45,108.51,109.27,49996311
03/09/2015,112.49,112.78,110.04,110.37,53233940
02/09/2015,110.0,112.34,109.131,112.34,61888812
01/09/2015,110.18,111.88,107.36,107.72,76845860
31/08/2015,112.13,114.53,112.0,112.76,56229271
28/08/2015,112.17,113.31,111.54,113.29,53164407
27/08/2015,112.25,113.24,110.02,112.92,84616056
26/08/2015,107.085,109.89,105.05,109.69,96774611
25/08/2015,111.11,111.11,103.5,103.74,103601599
24/08/2015,94.87,108.8,92.0,103.12,162206292
21/08/2015,110.43,111.9,105.645,105.76,128275471
20/08/2015,114.08,114.35,111.63,112.65,68501622
19/08/2015,116.1,116.52,114.68,115.01,48286510
18/08/2015,116.43,117.44,116.01,116.5,34560708
17/08/2015,116.04,117.65,115.5,117.16,40884745
14/08/2015,114.32,116.31,114.01,115.96,42929516
13/08/2015,116.04,116.4,114.54,115.15,48535789
12/08/2015,112.53,115.42,109.63,115.24,101685610
11/08/2015,117.81,118.18,113.33,113.49,97082814
10/08/2015,116.53,119.99,116.53,119.72,54951597
07/08/2015,114.58,116.25,114.5,115.52,38670405
06/08/2015,115.97,116.5,114.115,115.13,52903040
05/08/2015,112.95,117.44,112.1,115.4,98384461
04/08/2015,117.42,117.7,113.25,114.64,124138623
03/08/2015,121.5,122.57,117.52,118.44,69975968
31/07/2015,122.6,122.6425,120.91,121.3,42884953
30/07/2015,122.32,122.5699,121.71,122.37,33628268
29/07/2015,123.15,123.5,122.27,122.99,37011653
28/07/2015,123.38,123.91,122.55,123.38,33618097
27/07/2015,123.09,123.61,122.12,122.77,44455540
24/07/2015,125.32,125.74,123.9,124.5,42162332
23/07/2015,126.2,127.09,125.06,125.16,50999452
22/07/2015,121.99,125.5,121.99,125.22,115450607
21/07/2015,132.85,132.92,130.32,130.75,76756427
20/07/2015,130.97,132.97,130.7,132.07,58900203
17/07/2015,129.08,129.62,128.31,129.62,46164710
16/07/2015,127.74,128.57,127.35,128.51,36222447
15/07/2015,125.72,127.15,125.58,126.82,33649200
14/07/2015,126.04,126.37,125.04,125.61,31768139
13/07/2015,125.03,125.755,124.32,125.66,41440538
10/07/2015,121.94,123.85,121.21,123.28,61354474
09/07/2015,123.85,124.06,119.22,120.07,78595038
08/07/2015,124.48,124.64,122.54,122.57,60761614
07/07/2015,125.89,126.15,123.77,125.69,46946811
06/07/2015,124.94,126.23,124.85,126.0,28060431
02/07/2015,126.43,126.69,125.77,126.44,27210952
01/07/2015,126.9,126.94,125.99,126.6,30238811
30/06/2015,125.57,126.12,124.86,125.425,44370682
29/06/2015,125.46,126.47,124.48,124.53,49161427
26/06/2015,127.67,127.99,126.51,126.75,44066841
25/06/2015,128.86,129.2,127.5,127.5,31938100
24/06/2015,127.21,129.8,127.12,128.11,55280855
23/06/2015,127.48,127.61,126.8792,127.03,30268863
22/06/2015,127.49,128.06,127.08,127.61,34039345
19/06/2015,127.71,127.82,126.4,126.6,54716887
18/06/2015,127.23,128.31,127.22,127.88,35407220
17/06/2015,127.72,127.88,126.74,127.3,32918071
16/06/2015,127.03,127.85,126.37,127.6,31494131
15/06/2015,126.1,127.24,125.71,126.92,43988946
12/06/2015,128.185,128.33,127.11,127.17,36886246
11/06/2015,129.18,130.18,128.475,128.59,35390887
10/06/2015,127.92,129.34,127.85,128.88,39087250
09/06/2015,126.7,128.08,125.62,127.42,56075420
08/06/2015,128.9,129.21,126.83,127.8,52674786
05/06/2015,129.5,129.69,128.36,128.65,35626800
04/06/2015,129.58,130.58,128.91,129.36,38450118
03/06/2015,130.66,130.94,129.9,130.12,30983542
02/06/2015,129.86,130.655,129.32,129.96,33667627
01/06/2015,131.2,131.39,130.05,130.535,32112797
29/05/2015,131.23,131.45,129.9,130.28,50884452
28/05/2015,131.86,131.95,131.1,131.78,30733309
27/05/2015,130.34,132.26,130.05,132.045,45833246
26/05/2015,132.6,132.91,129.12,129.62,70697560
22/05/2015,131.6,132.97,131.4,132.54,45595972
21/05/2015,130.07,131.63,129.83,131.39,39730364
20/05/2015,130.0,130.98,129.34,130.06,36454932
19/05/2015,130.69,130.88,129.64,130.07,44633240
18/05/2015,128.38,130.72,128.36,130.19,50882918
15/05/2015,129.07,129.49,128.21,128.77,38208034
14/05/2015,127.41,128.95,127.16,128.95,45203456
13/05/2015,126.15,127.19,125.87,126.01,34694235
12/05/2015,125.6,126.88,124.82,125.865,48160032
11/05/2015,127.39,127.56,125.625,126.32,42035757
08/05/2015,126.68,127.62,126.11,127.62,55550382
07/05/2015,124.77,126.08,124.02,125.26,43940895
06/05/2015,126.56,126.75,123.36,125.01,72141010
05/05/2015,128.15,128.4498,125.78,125.8,49271416
04/05/2015,129.5,130.57,128.26,128.7,50988278
01/05/2015,126.1,130.13,125.3,128.95,58512638
30/04/2015,127.5,127.88,124.58,125.15,83195423
29/04/2015,130.16,131.59,128.3,128.64,63386083
28/04/2015,134.455,134.54,129.57,130.56,118923970
27/04/2015,132.31,133.13,131.15,132.65,96954207
24/04/2015,130.49,130.63,129.23,130.28,44525905
23/04/2015,128.3,130.42,128.14,129.67,45770902
22/04/2015,126.99,128.87,126.32,128.62,37654505
21/04/2015,128.1,128.2,126.67,126.91,32435057
20/04/2015,125.57,128.12,125.17,127.6,47054310
17/04/2015,125.55,126.14,124.46,124.75,51957046
16/04/2015,126.28,127.1,126.11,126.17,28368987
15/04/2015,126.41,127.13,126.01,126.78,28970419
14/04/2015,127.0,127.29,125.91,126.3,25524593
13/04/2015,128.37,128.57,126.61,126.85,36365123
10/04/2015,125.95,127.21,125.26,127.1,40187953
09/04/2015,125.85,126.58,124.66,126.56,32483974
08/04/2015,125.85,126.4,124.97,125.6,37329243
07/04/2015,127.64,128.1218,125.98,126.01,35012268
06/04/2015,124.47,127.51,124.33,127.35,37193975
02/04/2015,125.03,125.56,124.19,125.32,32220131
01/04/2015,124.82,125.12,123.1,124.25,40621437
31/03/2015,126.09,126.49,124.355,124.43,42090553
30/03/2015,124.05,126.4,124.0,126.37,47099670
27/03/2015,124.57,124.7,122.91,123.25,39546151
26/03/2015,122.76,124.88,122.6,124.24,47572869
25/03/2015,126.54,126.82,123.38,123.38,51655177
24/03/2015,127.23,128.04,126.56,126.69,32842304
23/03/2015,127.12,127.85,126.52,127.21,37709674
20/03/2015,128.25,128.4,125.16,125.9,68695136
19/03/2015,128.75,129.2451,127.4,127.495,45809490
18/03/2015,127.0,129.16,126.37,128.47,65270945
17/03/2015,125.9,127.32,125.65,127.04,51023104
16/03/2015,123.88,124.95,122.87,124.95,35874300
13/03/2015,124.4,125.3951,122.58,123.59,51827283
12/03/2015,122.31,124.9,121.63,124.45,48362719
11/03/2015,124.75,124.77,122.11,122.24,68938974
10/03/2015,126.41,127.22,123.8,124.51,68856582
09/03/2015,127.96,129.57,125.06,127.14,88528487
06/03/2015,128.4,129.37,126.26,126.6,72842060
05/03/2015,128.58,128.75,125.76,126.41,56517146
04/03/2015,129.1,129.56,128.32,128.54,31666340
03/03/2015,128.96,129.52,128.09,129.36,37816283
02/03/2015,129.25,130.28,128.3,129.09,48096663
27/02/2015,130.0,130.57,128.24,128.46,62014847
26/02/2015,128.785,130.87,126.61,130.415,91287529
25/02/2015,131.56,131.6,128.15,128.79,74711746
24/02/2015,132.94,133.6,131.17,132.17,69228130
23/02/2015,130.02,133.0,129.66,133.0,70974110
20/02/2015,128.62,129.5,128.05,129.495,48948419
19/02/2015,128.48,129.03,128.33,128.45,37362381
18/02/2015,127.625,128.78,127.45,128.715,44891737
17/02/2015,127.49,128.88,126.92,127.83,63152405
13/02/2015,127.28,127.28,125.65,127.08,54272219
12/02/2015,126.06,127.48,125.57,126.46,74474466
11/02/2015,122.77,124.92,122.5,124.88,73561797
10/02/2015,120.17,122.15,120.16,122.02,62008506
09/02/2015,118.55,119.84,118.43,119.72,38889797
06/02/2015,120.02,120.25,118.45,118.93,43706567
05/02/2015,120.02,120.23,119.25,119.94,42246245
04/02/2015,118.5,120.51,118.309,119.56,70149743
03/02/2015,118.5,119.09,117.61,118.65,51915749
02/02/2015,118.05,119.17,116.08,118.63,62739100
30/01/2015,118.4,120.0,116.85,117.16,83745461
29/01/2015,116.32,119.19,115.56,118.9,84436432
28/01/2015,117.625,118.12,115.31,115.31,146477063
27/01/2015,112.42,112.48,109.03,109.14,95568749
26/01/2015,113.74,114.3626,112.8,113.1,55614979
23/01/2015,112.3,113.75,111.53,112.98,46464828
22/01/2015,110.26,112.47,109.72,112.4,53796409
21/01/2015,108.95,111.06,108.27,109.55,48575897
20/01/2015,107.84,108.9667,106.5,108.72,49899907
16/01/2015,107.03,107.58,105.2,105.99,78513345
15/01/2015,110.0,110.06,106.66,106.82,60013996
14/01/2015,109.04,110.49,108.5,109.8,48956588
13/01/2015,111.43,112.8,108.91,110.22,67091928
12/01/2015,112.6,112.63,108.8,109.25,49650790
09/01/2015,112.67,113.25,110.21,112.01,53315099
08/01/2015,109.23,112.15,108.7,111.89,59364547
07/01/2015,107.2,108.2,106.695,107.75,40105934
06/01/2015,106.54,107.43,104.63,106.26,65797116
05/01/2015,108.29,108.65,105.41,106.25,64285491
02/01/2015,111.39,111.44,107.35,109.33,53204626
07/08/2017,157.06,158.92,156.67,158.81,21870321
08/11/2017,174.66,176.24,174.33,176.24,24409527
28/03/2018,167.25,170.02,165.19,166.48,41668545
29/03/2018,167.81,171.75,166.9,167.78,38398505
02/04/2018,167.88,168.94,164.47,166.68,37586791
03/04/2018,167.64,168.75,164.88,168.39,30278046
04/04/2018,164.88,172.01,164.77,171.61,34605489
05/04/2018,172.58,174.23,172.08,172.8,26933197
06/04/2018,170.97,172.48,168.2,168.38,35005290
09/04/2018,169.88,173.09,169.85,170.05,29017718
10/04/2018,173.0,174.0,171.53,173.25,28614241
11/04/2018,172.23,173.92,171.7,172.44,22431640
12/04/2018,173.41,175.0,173.04,174.14,22889285
13/04/2018,174.78,175.84,173.85,174.73,25124255
16/04/2018,175.03,176.19,174.83,175.82,21578420
17/04/2018,176.49,178.94,176.41,178.24,26605442
18/04/2018,177.81,178.82,176.88,177.84,20754538
19/04/2018,174.95,175.39,172.66,172.8,34808800
20/04/2018,170.6,171.22,165.43,165.72,65491140
23/04/2018,166.84,166.92,164.09,165.24,36515477
24/04/2018,165.67,166.33,161.22,162.94,33692017
25/04/2018,162.62,165.42,162.41,163.65,28382084
26/04/2018,164.12,165.73,163.37,164.22,27963014
27/04/2018,164.0,164.33,160.63,162.32,35655839
30/04/2018,162.13,167.26,161.84,165.26,42427424
01/05/2018,166.41,169.2,165.27,169.1,53569376
02/05/2018,175.23,177.75,173.8,176.57,66539371
03/05/2018,175.88,177.5,174.44,176.89,34068180
04/05/2018,178.25,184.25,178.17,183.83,56201317
07/05/2018,185.18,187.67,184.75,185.16,42451423
08/05/2018,184.99,186.22,183.67,186.05,28402777
09/05/2018,186.55,187.4,185.22,187.36,23211241
10/05/2018,187.74,190.37,187.65,190.04,27989289
11/05/2018,189.49,190.06,187.45,188.59,26212221
14/05/2018,189.01,189.53,187.86,188.15,20778772
15/05/2018,186.78,187.07,185.1,186.44,23695159
16/05/2018,186.07,188.46,186.0,188.18,19183064
17/05/2018,188.0,188.91,186.36,186.99,17294029
18/05/2018,187.19,187.81,186.13,186.31,18297728
21/05/2018,188.0,189.27,186.91,187.63,18400787
22/05/2018,188.38,188.88,186.78,187.16,15240704
23/05/2018,186.35,188.5,185.76,188.36,20058415
24/05/2018,188.77,188.84,186.21,188.15,23233975
25/05/2018,188.23,189.65,187.65,188.58,17460963
29/05/2018,187.6,188.75,186.87,187.9,22514075
30/05/2018,187.72,188.0,186.78,187.5,18690547
31/05/2018,187.22,188.23,186.14,186.87,27482793
01/06/2018,187.99,190.26,187.75,190.24,23442510
04/06/2018,191.64,193.42,191.35,191.83,26266174
05/06/2018,193.07,193.94,192.36,193.31,21565963
06/06/2018,193.63,194.08,191.92,193.98,20933619
07/06/2018,194.14,194.2,192.34,193.46,21347180
08/06/2018,191.17,192.0,189.77,191.7,26656799
11/06/2018,191.35,191.97,190.21,191.23,18308460
12/06/2018,191.39,192.61,191.15,192.28,16911141
13/06/2018,192.42,192.88,190.44,190.7,21638393
14/06/2018,191.55,191.57,190.22,190.8,21610074
15/06/2018,190.03,190.16,188.26,188.84,61719160
18/06/2018,187.88,189.22,187.2,188.74,18484865
19/06/2018,185.14,186.33,183.45,185.69,33578455
20/06/2018,186.35,187.2,185.73,186.5,20628701
21/06/2018,187.25,188.35,184.94,185.46,25711898
22/06/2018,186.12,186.15,184.7,184.92,27200447
25/06/2018,183.4,184.92,180.73,182.17,31663096
26/06/2018,182.99,186.53,182.54,184.43,24569201
27/06/2018,185.23,187.28,184.03,184.16,25285328
28/06/2018,184.1,186.21,183.8,185.5,17365235
29/06/2018,186.29,187.19,182.91,185.11,22737666
02/07/2018,183.82,187.3,183.42,187.18,17731343
03/07/2018,187.79,187.95,183.54,183.92,13954806
05/07/2018,185.26,186.41,184.28,185.4,16604248
06/07/2018,185.42,188.43,185.2,187.97,17485245
09/07/2018,189.5,190.68,189.3,190.58,19756634
10/07/2018,190.71,191.28,190.18,190.35,15939149
11/07/2018,188.5,189.78,187.61,187.88,18831470
12/07/2018,189.53,191.41,189.31,191.03,18041131
13/07/2018,191.08,191.84,190.9,191.33,12519792
16/07/2018,191.52,192.65,190.42,190.91,15043110
17/07/2018,189.75,191.87,189.2,191.45,15534523
18/07/2018,191.78,191.8,189.93,190.4,16393381
19/07/2018,189.69,192.55,189.69,191.88,20286752
20/07/2018,191.78,192.43,190.17,191.44,20706042
23/07/2018,190.68,191.96,189.56,191.61,15989365
24/07/2018,192.45,193.66,192.05,193.0,18697898
25/07/2018,193.06,194.85,192.43,194.82,16826483
26/07/2018,194.61,195.96,193.61,194.21,19075964
27/07/2018,194.99,195.19,190.1,190.98,24023972
30/07/2018,191.9,192.2,189.07,189.91,21029535
31/07/2018,190.3,192.14,189.34,190.29,39373038
01/08/2018,199.13,201.76,197.31,201.5,67935716
02/08/2018,200.58,208.38,200.35,207.39,62404012
03/08/2018,207.03,208.74,205.48,207.99,33447396
06/08/2018,208.0,209.25,207.07,209.07,25425387
07/08/2018,209.32,209.5,206.76,207.11,25587387
08/08/2018,206.05,207.81,204.52,207.25,22525487
09/08/2018,207.28,209.78,207.2,208.88,23492626
10/08/2018,207.36,209.1,206.67,207.53,24611202
13/08/2018,207.7,210.95,207.7,208.87,25890880
14/08/2018,210.16,210.56,208.26,209.75,20748010
15/08/2018,209.22,210.74,208.33,210.24,28807564
16/08/2018,211.75,213.81,211.47,213.32,28500367
17/08/2018,213.44,217.95,213.16,217.58,35426997
20/08/2018,218.1,219.18,215.11,215.46,30287695
21/08/2018,216.8,217.19,214.03,215.04,26159755
22/08/2018,214.1,216.36,213.84,215.05,19018131
23/08/2018,214.65,217.05,214.6,215.49,18883224
24/08/2018,216.6,216.9,215.11,216.16,18476356
27/08/2018,217.15,218.74,216.33,217.94,20525117
28/08/2018,219.01,220.54,218.92,219.7,22776766
29/08/2018,220.15,223.49,219.41,222.98,27254804
30/08/2018,223.25,228.26,222.4,225.03,48793824
31/08/2018,226.51,228.87,226.0,227.63,43340134
04/09/2018,228.41,229.18,226.63,228.36,27390132
05/09/2018,228.99,229.67,225.1,226.87,33332960
06/09/2018,226.23,227.35,221.3,223.1,34289976
07/09/2018,221.85,225.37,220.71,221.3,37619810
10/09/2018,220.95,221.85,216.47,218.33,39516453
11/09/2018,218.01,224.3,216.56,223.85,35749049
12/09/2018,224.94,225.0,219.84,221.07,49278740
13/09/2018,223.52,228.35,222.57,226.41,41706377
14/09/2018,225.75,226.84,222.52,223.84,31999289
17/09/2018,222.15,222.95,217.27,217.88,37195133
18/09/2018,217.79,221.85,217.12,218.24,31571712
19/09/2018,218.5,219.62,215.3,218.37,27123833
20/09/2018,220.24,222.28,219.15,220.03,26608794
21/09/2018,220.78,221.36,217.29,217.66,96246748
24/09/2018,216.82,221.26,216.63,220.79,27693358
25/09/2018,219.75,222.82,219.7,222.19,24554379
26/09/2018,221.0,223.75,219.76,220.42,23984706
27/09/2018,223.82,226.44,223.54,224.95,30181227
28/09/2018,224.79,225.84,224.02,225.74,22929364
01/10/2018,227.95,229.42,226.35,227.26,23600802
02/10/2018,227.25,230.0,226.63,229.28,24788170
03/10/2018,230.05,233.47,229.78,232.07,28654799
04/10/2018,230.78,232.35,226.73,227.99,32042000
05/10/2018,227.96,228.41,220.58,224.29,33580463
08/10/2018,222.21,224.8,220.2,223.77,29663923
09/10/2018,223.64,227.27,222.25,226.87,26891029
10/10/2018,225.46,226.35,216.05,216.36,41990554
11/10/2018,214.52,219.5,212.32,214.45,53124392
12/10/2018,220.42,222.88,216.84,222.11,40337851
15/10/2018,221.16,221.83,217.27,217.36,30791007
16/10/2018,218.93,222.99,216.76,222.15,29183963
17/10/2018,222.3,222.64,219.34,221.19,22885397
18/10/2018,217.86,219.74,213.0,216.02,32581315
19/10/2018,218.06,221.26,217.43,219.31,33078726
22/10/2018,219.79,223.36,218.94,220.65,28792082
23/10/2018,215.83,223.25,214.7,222.73,38767846
24/10/2018,222.6,224.23,214.54,215.09,40925163
25/10/2018,217.71,221.38,216.75,219.8,29855768
26/10/2018,215.9,220.19,212.67,216.3,47258375
29/10/2018,219.19,219.69,206.09,212.24,45935520
30/10/2018,211.15,215.18,209.27,213.3,36659990
31/10/2018,216.88,220.45,216.62,218.86,38358933
01/11/2018,219.05,222.36,216.81,222.22,58323180
02/11/2018,209.55,213.65,205.43,207.48,91328654
05/11/2018,204.3,204.39,198.17,201.59,66163669
06/11/2018,201.92,204.72,201.69,203.77,31882881
07/11/2018,205.97,210.06,204.13,209.95,33424434
08/11/2018,209.98,210.12,206.75,208.49,25362636
09/11/2018,205.55,206.01,202.25,204.47,34365750
12/11/2018,199.0,199.85,193.79,194.17,51135518
13/11/2018,191.63,197.18,191.45,192.23,46882936
14/11/2018,193.9,194.48,185.93,186.8,60800957
15/11/2018,188.39,191.97,186.9,191.41,46478801
16/11/2018,190.5,194.97,189.46,193.53,36928253
19/11/2018,190.0,190.7,184.99,185.86,41920872
20/11/2018,178.37,181.47,175.51,176.98,67825247
21/11/2018,179.73,180.27,176.55,176.78,31124210
23/11/2018,174.94,176.6,172.1,172.29,23623972
26/11/2018,174.24,174.95,170.26,174.62,44998520
27/11/2018,171.51,174.77,170.88,174.24,41387377
28/11/2018,176.73,181.29,174.93,180.94,46062539
29/11/2018,182.66,182.8,177.7,179.55,41769992
30/11/2018,180.29,180.33,177.03,178.58,39531549
03/12/2018,184.46,184.94,181.21,184.82,40798002
04/12/2018,180.95,182.39,176.27,176.69,41344282
06/12/2018,171.76,174.78,170.42,174.72,43098410
07/12/2018,173.49,174.49,168.3,168.49,42281631
10/12/2018,165.0,170.09,163.33,169.6,62025994
11/12/2018,171.66,171.79,167.0,168.63,47281665
12/12/2018,170.4,171.92,169.02,169.1,35627674
13/12/2018,170.49,172.57,169.55,170.95,31897827
14/12/2018,169.0,169.08,165.28,165.48,40703710
17/12/2018,165.45,168.35,162.73,163.94,44287922
18/12/2018,165.38,167.53,164.39,166.07,33841518
19/12/2018,166.0,167.45,159.09,160.89,49047297
20/12/2018,160.4,162.11,155.3,156.83,64772960
21/12/2018,156.86,158.16,149.63,150.73,95744384
24/12/2018,148.15,151.55,146.59,146.83,37169232
26/12/2018,148.3,157.23,146.72,157.17,58582544
27/12/2018,155.84,156.77,150.07,156.15,53117065
28/12/2018,157.5,158.52,154.55,156.23,42291424
31/12/2018,158.53,159.36,156.48,157.74,35003466
02/01/2019,154.89,158.85,154.23,157.92,37039737
03/01/2019,143.98,145.72,142.0,142.19,91312195
04/01/2019,144.53,148.55,143.8,148.26,58607070
07/01/2019,148.7,148.83,145.9,147.93,54777764
08/01/2019,149.56,151.82,148.52,150.75,41025314
09/01/2019,151.29,154.53,149.63,153.31,45099081
10/01/2019,152.5,153.97,150.86,153.8,35780670
11/01/2019,152.88,153.7,151.51,152.29,27023241
14/01/2019,150.85,151.27,149.22,150.0,32439186
15/01/2019,150.27,153.39,150.05,153.07,28710324
16/01/2019,153.08,155.88,153.0,154.94,30569706
17/01/2019,154.2,157.66,153.26,155.86,29821160
18/01/2019,157.5,157.88,155.98,156.82,33751023
22/01/2019,156.41,156.73,152.62,153.3,30393970
23/01/2019,154.15,155.14,151.7,153.92,23130570
24/01/2019,154.11,154.48,151.74,152.7,25441549
25/01/2019,155.48,158.13,154.32,157.76,33547893
28/01/2019,155.79,156.33,153.66,156.3,26192058
29/01/2019,156.25,158.13,154.11,154.68,41587239
30/01/2019,163.25,166.15,160.23,165.25,61109780
31/01/2019,166.11,169.0,164.56,166.44,40739649
01/02/2019,166.96,168.98,165.93,166.52,32668138
04/02/2019,167.41,171.66,167.28,171.25,31495582
05/02/2019,172.86,175.08,172.35,174.18,36101628
06/02/2019,174.65,175.57,172.85,174.24,28239591
07/02/2019,172.4,173.94,170.34,170.94,31741690
08/02/2019,168.99,170.66,168.42,170.41,23819966
11/02/2019,171.05,171.21,169.25,169.43,20993425
12/02/2019,170.1,171.0,169.7,170.89,22283523
13/02/2019,171.39,172.48,169.92,170.18,22490233
14/02/2019,169.71,171.26,169.38,170.8,21835747
15/02/2019,171.25,171.7,169.75,170.42,24626814
19/02/2019,169.71,171.44,169.49,170.93,18972826
20/02/2019,171.19,173.32,170.99,172.03,26114362
21/02/2019,171.8,172.37,170.3,171.06,17249670
22/02/2019,171.58,173.0,171.38,172.97,18913154
25/02/2019,174.16,175.87,173.95,174.23,21873358
26/02/2019,173.71,175.3,173.17,174.33,17070211
27/02/2019,173.21,175.0,172.73,174.87,27835389
28/02/2019,174.32,174.91,172.92,173.15,28215416
01/03/2019,174.28,175.15,172.89,174.97,25886167
04/03/2019,175.69,177.75,173.97,175.85,27436203
05/03/2019,175.94,176.0,174.54,175.53,19737419
06/03/2019,174.67,175.49,173.94,174.52,20810384
07/03/2019,173.87,174.44,172.02,172.5,24796374
08/03/2019,170.32,173.07,169.5,172.91,23999358
11/03/2019,175.49,179.12,175.35,178.9,32011034
12/03/2019,180.0,182.67,179.37,180.91,32467584
13/03/2019,182.25,183.3,180.92,181.71,31032524
14/03/2019,183.9,184.1,182.56,183.73,23579508
15/03/2019,184.85,187.33,183.74,186.12,39042912
18/03/2019,185.8,188.39,185.79,188.02,26219832
19/03/2019,188.35,188.99,185.92,186.53,31646369
20/03/2019,186.23,189.49,184.73,188.16,31035231
21/03/2019,190.02,196.33,189.81,195.09,51034237
22/03/2019,195.34,197.69,190.78,191.05,42407666
25/03/2019,191.51,191.98,186.6,188.74,43845293
26/03/2019,191.66,192.88,184.58,186.79,49800538
27/03/2019,188.75,189.76,186.55,188.47,29848427
28/03/2019,188.95,189.56,187.53,188.72,20780363
29/03/2019,189.83,190.08,188.54,189.95,23563961
01/04/2019,191.64,191.68,188.38,191.24,27861964
02/04/2019,191.09,194.46,191.05,194.02,22765732
03/04/2019,193.25,196.5,193.15,195.35,23271830
04/04/2019,194.79,196.37,193.14,195.69,19114275
05/04/2019,196.45,197.1,195.93,197.0,18526644
08/04/2019,196.42,200.23,196.34,200.1,25881697
09/04/2019,200.32,202.85,199.23,199.5,35768237
10/04/2019,198.68,200.74,198.18,200.62,21695288
11/04/2019,200.85,201.0,198.44,198.95,20900808
12/04/2019,199.2,200.14,196.21,198.87,27760668
15/04/2019,198.58,199.85,198.01,199.23,17536646
16/04/2019,199.46,201.37,198.56,199.25,25696385
17/04/2019,199.54,203.38,198.61,203.13,28906780
18/04/2019,203.12,204.15,202.52,203.86,24195766
22/04/2019,202.83,204.94,202.34,204.53,19439545
23/04/2019,204.43,207.75,203.9,207.48,23322991
24/04/2019,207.36,208.48,207.05,207.16,17540609
25/04/2019,206.83,207.76,205.12,205.28,18543206
26/04/2019,204.9,205.0,202.12,204.3,18649102
29/04/2019,204.4,205.97,203.86,204.61,22204716
30/04/2019,203.06,203.4,199.11,200.67,46534923
01/05/2019,209.88,215.31,209.23,210.52,64827328
02/05/2019,209.84,212.65,208.13,209.15,31996324
03/05/2019,210.89,211.84,210.23,211.75,20892378
06/05/2019,204.29,208.84,203.5,208.48,32443113
07/05/2019,205.88,207.42,200.83,202.86,38763698
08/05/2019,201.9,205.34,201.75,202.9,26339504
09/05/2019,200.4,201.68,196.66,200.72,34908607
10/05/2019,197.42,198.85,192.77,197.18,41208712
13/05/2019,187.71,189.48,182.85,185.72,57430623
14/05/2019,186.41,189.7,185.41,188.66,36529677
15/05/2019,186.27,191.75,186.02,190.92,26544718
16/05/2019,189.91,192.47,188.84,190.08,33031364
17/05/2019,186.93,190.9,186.76,189.0,32879090
20/05/2019,183.52,184.35,180.28,183.09,38612290
21/05/2019,185.22,188.0,184.7,186.6,28364848
22/05/2019,184.66,185.71,182.55,182.78,29748556
23/05/2019,179.8,180.54,177.81,179.66,36529736
24/05/2019,180.2,182.14,178.62,178.97,23714686
28/05/2019,178.92,180.59,177.91,178.23,27948160
29/05/2019,176.42,179.35,176.0,177.38,28481165
30/05/2019,177.95,179.23,176.67,178.3,21218412
31/05/2019,176.23,177.99,174.99,175.07,27043584
03/06/2019,175.6,177.92,170.27,173.3,40396069
04/06/2019,175.44,179.83,174.52,179.64,30967961
05/06/2019,184.28,184.99,181.14,182.54,29773427
06/06/2019,183.08,185.47,182.15,185.22,22526311
07/06/2019,186.51,191.92,185.77,190.15,30684393
10/06/2019,191.81,195.37,191.62,192.58,26220851
11/06/2019,194.86,196.0,193.6,194.81,26932882
12/06/2019,193.95,195.97,193.39,194.19,18253189
13/06/2019,194.7,196.79,193.6,194.15,21674625
14/06/2019,191.55,193.59,190.3,192.74,18761474
17/06/2019,192.9,194.96,192.17,193.89,14669144
18/06/2019,196.05,200.29,195.21,198.45,26551004
19/06/2019,199.68,199.88,197.31,197.87,21124235
20/06/2019,200.37,200.61,198.03,199.46,21513988
21/06/2019,198.8,200.85,198.15,198.78,47800589
24/06/2019,198.54,200.16,198.17,198.58,18220421
25/06/2019,198.43,199.26,195.29,195.57,21070334
26/06/2019,197.77,200.99,197.35,199.8,26067512
27/06/2019,200.29,201.57,199.57,199.74,20899717
28/06/2019,198.68,199.5,197.05,197.92,31110642
01/07/2019,203.17,204.49,200.65,201.55,27316739
02/07/2019,201.41,203.13,201.36,202.73,16935217
03/07/2019,203.28,204.44,202.69,204.41,11362045
05/07/2019,203.35,205.08,202.9,204.23,17265518
08/07/2019,200.81,201.4,198.41,200.02,25338628
09/07/2019,199.2,201.51,198.81,201.24,20578015
10/07/2019,201.85,203.73,201.56,203.23,17897138
11/07/2019,203.31,204.39,201.71,201.75,20191842
12/07/2019,202.45,204.0,202.2,203.3,17595212
15/07/2019,204.09,205.87,204.0,205.21,16947420
16/07/2019,204.59,206.11,203.5,204.5,16866816
17/07/2019,204.05,205.09,203.27,203.35,14107450
18/07/2019,204.0,205.88,203.7,205.66,18582161
19/07/2019,205.79,206.5,202.36,202.59,20929307
22/07/2019,203.65,207.23,203.61,207.22,22277932
23/07/2019,208.46,208.91,207.29,208.84,18355210
24/07/2019,207.67,209.15,207.17,208.67,14991567
25/07/2019,208.89,209.24,206.73,207.02,13909562
26/07/2019,207.48,209.73,207.14,207.74,17618874
29/07/2019,208.46,210.64,208.44,209.68,21673389
30/07/2019,208.76,210.16,207.31,208.78,33935718
31/07/2019,216.42,221.37,211.3,213.04,69281361
01/08/2019,213.9,218.03,206.74,208.43,54017922
02/08/2019,205.53,206.43,201.63,204.02,40862122
05/08/2019,197.99,198.65,192.58,193.34,52392969
06/08/2019,196.31,198.07,194.04,197.0,35824787
07/08/2019,195.41,199.56,193.82,199.04,33364400
08/08/2019,200.2,203.53,199.39,203.43,27009523
09/08/2019,201.3,202.76,199.29,200.99,24619746
12/08/2019,199.62,202.05,199.15,200.48,22481889
13/08/2019,201.02,212.14,200.83,208.97,47539786
14/08/2019,203.16,206.44,202.59,202.75,36547443
15/08/2019,203.46,205.14,199.67,201.74,27883363
16/08/2019,204.28,207.16,203.84,206.5,28813624
19/08/2019,210.62,212.73,210.03,210.35,24431915
20/08/2019,210.88,213.35,210.32,210.36,26919529
21/08/2019,212.99,213.65,211.6,212.64,21564747
22/08/2019,213.19,214.44,210.75,212.46,22267819
23/08/2019,209.43,212.05,201.0,202.64,46882843
26/08/2019,205.86,207.19,205.06,206.49,26066130
27/08/2019,207.86,208.55,203.53,204.16,25897344
28/08/2019,204.1,205.72,203.32,205.53,15957632
29/08/2019,208.5,209.32,206.66,209.01,21007652
30/08/2019,210.16,210.45,207.2,208.74,21162561
03/09/2019,206.43,206.98,204.22,205.7,20059574
04/09/2019,208.39,209.48,207.32,209.19,19216820
05/09/2019,212.0,213.97,211.51,213.28,23946984
06/09/2019,214.05,214.42,212.51,213.26,19362294
09/09/2019,214.84,216.44,211.07,214.17,27309401
10/09/2019,213.86,216.78,211.71,216.7,31777931
11/09/2019,218.07,223.71,217.73,223.59,44289646
12/09/2019,224.8,226.42,222.86,223.09,32226669
13/09/2019,220.0,220.79,217.02,218.75,39763296
16/09/2019,217.73,220.13,217.56,219.9,21158141
17/09/2019,219.96,220.82,219.12,220.7,18386468
18/09/2019,221.06,222.85,219.44,222.77,25643093
19/09/2019,222.01,223.76,220.37,220.96,22187876
20/09/2019,221.38,222.56,217.47,217.73,57977094
23/09/2019,218.95,219.84,217.65,218.72,19419648
24/09/2019,221.03,222.49,217.19,217.68,31434367
25/09/2019,218.55,221.5,217.14,221.03,22481006
26/09/2019,220.0,220.94,218.83,219.89,19088312
27/09/2019,220.54,220.96,217.28,218.82,25361285
30/09/2019,220.9,224.58,220.79,223.97,26318583
01/10/2019,225.07,228.22,224.2,224.59,36187163
02/10/2019,223.06,223.58,217.93,218.96,35767257
03/10/2019,218.43,220.96,215.13,220.82,30352686
04/10/2019,225.64,227.49,223.89,227.01,34755553
07/10/2019,226.27,229.93,225.84,227.06,30889269
08/10/2019,225.82,228.06,224.33,224.4,29282700
09/10/2019,227.03,227.79,225.64,227.03,19029424
10/10/2019,227.93,230.44,227.3,230.09,28962984
11/10/2019,232.95,237.64,232.31,236.21,41990210
14/10/2019,234.9,238.13,234.67,235.87,24413484
15/10/2019,236.39,237.65,234.88,235.32,23040483
16/10/2019,233.37,235.24,233.2,234.37,19286694
17/10/2019,235.09,236.15,233.52,235.28,17272897
18/10/2019,234.59,237.58,234.29,236.41,24377166
21/10/2019,237.52,240.99,237.32,240.51,22367483
22/10/2019,241.16,242.2,239.62,239.96,22684001
23/10/2019,242.1,243.24,241.22,243.18,19932545
24/10/2019,244.51,244.8,241.81,243.58,17916255
25/10/2019,243.16,246.73,242.88,246.58,18369296
28/10/2019,247.42,249.25,246.72,249.05,24143241
29/10/2019,248.97,249.75,242.57,243.29,35709867
30/10/2019,244.76,245.3,241.21,243.26,31130522
31/10/2019,247.24,249.17,237.26,248.76,34790520
01/11/2019,249.54,255.93,249.16,255.82,37781334
04/11/2019,257.33,257.85,255.38,257.5,25817952
05/11/2019,257.05,258.19,256.32,257.13,19974427
06/11/2019,256.77,257.49,255.37,257.24,18966124
07/11/2019,258.74,260.35,258.11,259.43,23735083
08/11/2019,258.69,260.44,256.85,260.14,17520495
11/11/2019,258.3,262.47,258.28,262.2,20507459
12/11/2019,261.55,262.79,260.92,261.96,21847226
13/11/2019,261.13,264.78,261.07,264.47,25817593
14/11/2019,263.75,264.88,262.1,262.64,22395556
15/11/2019,263.68,265.78,263.01,265.76,25093666
18/11/2019,265.8,267.43,264.23,267.1,21700897
19/11/2019,267.9,268.0,265.39,266.29,19069597
20/11/2019,265.54,266.08,260.4,263.19,26609919
21/11/2019,263.69,264.01,261.18,262.01,30348778
22/11/2019,262.59,263.18,260.84,261.78,16331263
25/11/2019,262.71,266.44,262.52,266.37,21029517
26/11/2019,266.94,267.16,262.5,264.29,26334882
27/11/2019,265.58,267.98,265.31,267.84,16386122
29/11/2019,266.6,268.0,265.9,267.25,11654363
02/12/2019,267.27,268.25,263.45,264.16,23693550
03/12/2019,258.31,259.53,256.29,259.45,29377268
04/12/2019,261.07,263.31,260.68,261.74,16810388
05/12/2019,263.79,265.89,262.73,265.58,18661343
06/12/2019,267.48,271.0,267.3,270.71,26547493
09/12/2019,270.0,270.8,264.91,266.92,32182645
10/12/2019,268.6,270.07,265.86,268.48,22632383
11/12/2019,268.81,271.1,268.5,270.77,19723391
12/12/2019,267.78,272.56,267.32,271.46,34437042
13/12/2019,271.46,275.3,270.93,275.15,33432806
16/12/2019,277.0,280.79,276.98,279.86,32081105
17/12/2019,279.57,281.77,278.8,280.41,28575798
18/12/2019,279.8,281.9,279.12,279.74,29024687
19/12/2019,279.5,281.18,278.95,280.02,24626947
20/12/2019,282.23,282.65,278.56,279.44,69032743
23/12/2019,280.53,284.25,280.37,284.0,24677883
24/12/2019,284.69,284.89,282.92,284.27,12119714
26/12/2019,284.82,289.98,284.7,289.91,23334004
27/12/2019,291.12,293.97,288.12,289.8,36592936
30/12/2019,289.46,292.69,285.22,291.52,36059614
31/12/2019,289.93,293.68,289.52,293.65,25247625
02/01/2020,296.24,300.6,295.19,300.35,33911864
03/01/2020,297.15,300.58,296.5,297.43,36633878
06/01/2020,293.79,299.96,292.75,299.8,29644644
07/01/2020,299.84,300.9,297.48,298.39,27877655
08/01/2020,297.16,304.44,297.16,303.19,33090946
09/01/2020,307.24,310.43,306.2,309.63,42621542
10/01/2020,310.6,312.67,308.25,310.33,35217272
13/01/2020,311.64,317.07,311.15,316.96,30521722
14/01/2020,316.7,317.57,312.17,312.68,40653457
15/01/2020,311.85,315.5,309.55,311.34,30480882
16/01/2020,313.59,315.7,312.09,315.24,27207254
17/01/2020,316.27,318.74,315.0,318.73,34454117
21/01/2020,317.19,319.02,316.0,316.57,27710814
22/01/2020,318.58,319.99,317.31,317.7,25458115
23/01/2020,317.92,319.56,315.65,319.23,26117993
24/01/2020,320.25,323.33,317.52,318.31,36634380
27/01/2020,310.06,311.77,304.88,308.95,40485005
28/01/2020,312.6,318.4,312.19,317.69,40558486
29/01/2020,324.45,327.85,321.38,324.34,54149928
30/01/2020,320.54,324.09,318.75,323.87,31685808
31/01/2020,320.93,322.68,308.29,309.51,49897096
03/02/2020,304.3,313.49,302.22,308.66,43496401
04/02/2020,315.31,319.64,313.63,318.85,34154134
05/02/2020,323.52,324.76,318.95,321.45,29706718
06/02/2020,322.57,325.22,320.27,325.21,26356385
07/02/2020,322.37,323.4,318.0,320.03,29421012
10/02/2020,314.18,321.55,313.85,321.55,27337215
11/02/2020,323.6,323.9,318.71,319.61,23580780
12/02/2020,321.47,327.22,321.47,327.2,28432573
13/02/2020,324.19,326.22,323.35,324.87,23686892
14/02/2020,324.74,325.98,322.85,324.95,20028447
18/02/2020,315.36,319.75,314.61,319.0,38190545
19/02/2020,320.0,324.57,320.0,323.62,23495991
20/02/2020,322.63,324.65,318.21,320.3,25141489
21/02/2020,318.62,320.45,310.5,313.05,32426415
24/02/2020,297.26,304.18,289.23,298.18,55548828
25/02/2020,300.95,302.53,286.13,288.08,57668364
26/02/2020,286.53,297.88,286.5,292.65,49678431
27/02/2020,281.1,286.0,272.96,273.52,80151381
28/02/2020,257.26,278.41,256.37,273.36,106721230
02/03/2020,282.28,301.44,277.72,298.81,85349339
03/03/2020,303.67,304.0,285.8,289.32,79868852
04/03/2020,296.44,303.4,293.13,302.74,54794568
05/03/2020,295.52,299.55,291.41,292.92,46893219
06/03/2020,282.0,290.82,281.23,289.03,56544246
09/03/2020,263.75,278.09,263.0,266.17,71686208
10/03/2020,277.14,286.44,269.37,285.34,71322520
11/03/2020,277.39,281.22,271.86,275.43,64094970
12/03/2020,255.94,270.0,248.0,248.23,104618517
13/03/2020,264.89,279.92,252.95,277.97,92683032
16/03/2020,241.95,259.08,240.0,242.21,80605865
17/03/2020,247.51,257.61,238.4,252.86,81013965
18/03/2020,239.77,250.0,237.12,246.67,75058406
19/03/2020,247.39,252.84,242.61,244.78,67964255
20/03/2020,247.18,251.83,228.0,229.24,100423346
23/03/2020,228.08,228.5,212.61,224.37,84188208
24/03/2020,236.36,247.69,234.3,246.88,71882773
25/03/2020,250.75,258.25,244.3,245.52,75900510
26/03/2020,246.52,258.68,246.36,258.44,63140169
27/03/2020,252.75,255.87,247.05,247.74,51054153
30/03/2020,250.74,255.52,249.4,254.81,41994110
31/03/2020,255.6,262.49,252.0,254.29,49250501
01/04/2020,246.5,248.72,239.13,240.91,44054638
02/04/2020,240.34,245.15,236.9,244.93,41483493
03/04/2020,242.8,245.7,238.97,241.41,32470017
06/04/2020,250.9,263.11,249.38,262.47,50455071
07/04/2020,270.8,271.7,259.0,259.43,50721831
08/04/2020,262.74,267.37,261.23,266.07,42223821
09/04/2020,268.7,270.07,264.7,267.99,40529123
13/04/2020,268.31,273.7,265.83,273.25,32755731
14/04/2020,280.0,288.25,278.05,287.05,48748672
15/04/2020,282.4,286.33,280.63,284.43,32788641
16/04/2020,287.38,288.2,282.35,286.69,39281290
17/04/2020,284.69,286.95,276.86,282.8,53812478
20/04/2020,277.95,281.68,276.85,276.93,32503750
21/04/2020,276.28,277.25,265.43,268.37,45247893
22/04/2020,273.61,277.9,272.2,276.1,29264342
23/04/2020,275.87,281.75,274.87,275.03,31203582
24/04/2020,277.2,283.01,277.0,282.97,31627183
27/04/2020,281.8,284.54,279.95,283.17,29271893
28/04/2020,285.08,285.83,278.2,278.58,28001187
29/04/2020,284.73,289.67,283.89,287.73,34320204
30/04/2020,289.96,294.53,288.35,293.8,45765968
01/05/2020,286.25,299.0,285.85,289.07,60154175
04/05/2020,289.17,293.69,286.32,293.16,33391986
05/05/2020,295.06,301.0,294.46,297.56,36937795
06/05/2020,300.46,303.24,298.87,300.63,35583438
07/05/2020,303.22,305.17,301.97,303.74,28803764
08/05/2020,305.64,310.35,304.29,310.13,33511985
11/05/2020,308.1,317.05,307.24,315.01,36486561
12/05/2020,317.83,319.69,310.91,311.41,40575263
13/05/2020,312.15,315.95,303.21,307.65,50155639
14/05/2020,304.51,309.79,301.53,309.54,39732269
15/05/2020,300.35,307.9,300.21,307.71,41587094
18/05/2020,313.17,316.5,310.32,314.96,33843125
19/05/2020,315.03,318.52,313.01,313.14,25432385
20/05/2020,316.68,319.52,316.2,319.23,27876215
21/05/2020,318.66,320.89,315.87,316.85,25672211
22/05/2020,315.77,319.23,315.35,318.89,20450754
26/05/2020,323.5,324.24,316.5,316.73,31380454
27/05/2020,316.14,318.71,313.09,318.11,28236274
28/05/2020,316.77,323.44,315.63,318.25,33449103
29/05/2020,319.25,321.15,316.47,317.94,38399532
01/06/2020,317.75,322.35,317.21,321.85,20254653
02/06/2020,320.75,323.44,318.93,323.34,21910704
03/06/2020,324.66,326.2,322.3,325.12,26122804
04/06/2020,324.39,325.62,320.78,322.32,21890091
05/06/2020,323.35,331.75,323.23,331.5,34312550
08/06/2020,330.25,333.6,327.32,333.46,23913634
09/06/2020,332.14,345.61,332.01,343.99,36928091
10/06/2020,347.9,354.77,346.09,352.84,41662938
11/06/2020,349.31,351.06,335.48,335.9,50415613
12/06/2020,344.72,347.8,334.22,338.8,50036513
15/06/2020,333.25,345.68,332.58,342.99,34702230
16/06/2020,351.46,353.2,344.72,352.08,41357182
17/06/2020,355.15,355.4,351.09,351.59,28601626
18/06/2020,351.41,353.45,349.22,351.73,24205096
19/06/2020,354.64,356.56,345.15,349.72,66118952
22/06/2020,351.34,359.46,351.15,358.87,33861316
23/06/2020,364.0,372.38,362.27,366.53,53038869
24/06/2020,365.0,368.79,358.52,360.06,48155849
25/06/2020,360.7,365.0,357.57,364.84,34380628
26/06/2020,364.41,365.32,353.02,353.63,51314211
